feature,coefficient
a1_x,-5.55198761011482
a1_x a2_y,-5.137898289557399
