feature,coefficient
cos(q3)*q2,110920872.95880283
cos(q3)*q2 q3,70614420.00434197
cos(q3)*q2 a2_y,1.4121238794198325
