Algorithm,mean_recall,mean_ATE,median_ATE,min_ATE,max_ATE
SINDy,0.7388888888888889,0.025570787195752023,0.0072034797601733,0.0001285820754072,0.1676705004523037
Hybrid SINDy,0.8166666666666667,0.017007187342054222,0.0055573303866533,0.0003548948313367,0.0448341093237657
Lagrange SINDy,1.0,0.016405538234121334,0.0017108098257393,0.000434313022853,0.1227278986009763
SR,0.5077777777777778,0.08105555555555556,0.0183,0.0009,0.2942
Hybrid SR,0.49888888888888894,2.0696222222222227,0.8006,0.0003,7.8189
