Regime,DOF,SR_model,SR_recall,SR_test_MSE,SINDy_model,SINDy_recall,SINDy_test_MSE,MSE_ratio_SR_to_SINDy
Bouncing,a_x,Hybrid SR,0.33,4.795e-22,SINDy,1.0,7.644770670066333e-17,6.272261401869357e-06
Bouncing,a_x,Hybrid SR,0.33,4.795e-22,Hybrid SINDy,1.0,9.774210252699358e-16,4.905767193493466e-07
Flight,a_theta,Hybrid SR,0.5,0.04158,SINDy,1.0,0.6999190365713754,0.05940687111995675
Flight,a_theta,Hybrid SR,0.5,0.04158,Hybrid SINDy,0.75,1.9329981033620056,0.021510626382758035
Flight,a_x,Hybrid SR,0.33,0.07035,Hybrid SINDy,1.0,0.0864033132224604,0.8142048884036617
Rolling,a_theta,SR,0.75,0.001736,SINDy,0.8,0.01172145429566,0.14810448910275353
Rolling,a_x,SR,0.5,0.0001325,SINDy,0.6,0.0004980674934333,0.2660282024965038
Rolling,a_x,Hybrid SR,0.33,0.0002957,SINDy,0.6,0.0004980674934333,0.5936946375714427
Rolling,a_y,SR,0.33,7.579e-05,Hybrid SINDy,0.5,0.0016644472551359,0.04553463605778956
