Regime,DOF,SINDy,Hybrid SINDy,Lagrange SINDy,SR,Hybrid SR
Bouncing,a_x,7.644770670066333e-17,9.774210252699358e-16,0.0006539792125776,0.003581,4.795e-22
Bouncing,a_y,0.0002690906331521,3.533735467981225e-05,0.0551587258876759,1.204,0.0003519
Bouncing,a_theta,0.0014708192175941,0.0337744130275593,0.268523143470508,7.975e-27,8.246e-28
Rolling,a_x,0.0004980674934333,2.636488114246453e-06,0.0045089237202681,0.0001325,0.0002957
Rolling,a_y,3.847915050410579e-05,0.0016644472551359,8.85707943754313e-05,7.579e-05,3.081e-07
Rolling,a_theta,0.01172145429566,0.0004028714621258,0.0363097928994149,0.001736,0.03203
Flight,a_x,0.0003397795066632,0.0864033132224604,0.0535990742387069,0.198,0.07035
Flight,a_y,0.0078868485476858,0.0548638763827545,0.0029039986803971,1.194,0.09111
Flight,a_theta,0.6999190365713754,1.9329981033620056,0.1214594897760153,2.14,0.04158
