Regime,DOF,SINDy,Hybrid SINDy,Lagrange SINDy,SR,Hybrid SR
Bouncing,a_x,1.1822111672578374e-15,7.481609567423301e-16,3.514069812512646e-08,7.357e-05,0.001508
Bouncing,a_y,0.0014659916377265,0.0016704154939594,0.002899837402481,0.005281,0.003878
Bouncing,a_theta,0.0003234017568275,0.0676888611407592,0.0001543154966629,2.471e-13,9.023e-14
Rolling,a_x,0.0104038765949012,0.0009348304349564,0.0006440049418717,0.001464,0.009226
Rolling,a_y,0.0035483783118437,0.0037813469892484,0.0002969830311987,0.009618,0.002324
Rolling,a_theta,0.0184978512207842,0.0027806787681977,4.014941852816309e-05,0.004076,0.04068
Flight,a_x,0.0086841255596664,0.0923282006563165,0.0022809278341417,0.4971,0.3012
Flight,a_y,0.0308603730677977,0.157006812603439,0.0352375052186867,0.1309,0.1794
Flight,a_theta,0.5539276141490718,28.517029125303942,0.0050525074080558,2.958,0.002611
