Regime,DOF,SINDy,Hybrid SINDy,Lagrange SINDy,SR,Hybrid SR
Bouncing,a_x,0.0003548925081933,0.0003548948313367,0.000434313022853,0.0336,0.7415
Bouncing,a_y,0.0026687792819521,0.0008123541412223,0.0011094196338408,0.1309,3.22
Bouncing,a_theta,0.0088962036175186,0.0195144018067966,0.0005266031559092,0.0032,4.3333
Rolling,a_x,0.0072034797601733,0.0008624168388121,0.0017108098257393,0.0009,0.0026
Rolling,a_y,0.0001285820754072,0.0025547114592492,0.0009494904969606,0.0031,0.0003
Rolling,a_theta,0.0055526419525885,0.0055573303866533,0.0060733864378065,0.0011,0.0333
Flight,a_x,0.0158970221787358,0.0408322810163451,0.0067516270820785,0.0183,1.6761
Flight,a_y,0.0217649829348957,0.0448341093237657,0.0073662958509278,0.2942,0.8006
Flight,a_theta,0.1676705004523037,0.037742186274307,0.1227278986009763,0.2442,7.8189
