Regime,DOF,Algorithm,recall,MSE_train,MSE_test
Bouncing,a_theta,Hybrid SR,1.0,9.023e-14,8.246e-28
Bouncing,a_x,Hybrid SR,0.33,0.001508,4.795e-22
Bouncing,a_y,Hybrid SINDy,0.75,0.0016704154939594,3.533735467981225e-05
Flight,a_theta,Hybrid SR,0.5,0.002611,0.04158
Flight,a_x,SINDy,0.75,0.0086841255596664,0.0003397795066632
Flight,a_y,Lagrange SINDy,1.0,0.0352375052186867,0.0029039986803971
Rolling,a_theta,Hybrid SINDy,1.0,0.0027806787681977,0.0004028714621258
Rolling,a_x,Hybrid SINDy,1.0,0.0009348304349564,2.636488114246453e-06
Rolling,a_y,Hybrid SR,0.75,0.002324,3.081e-07
