Algorithm,mean_recall,mean_MSE_train,median_MSE_train,mean_MSE_test,median_MSE_test
SINDy,0.7388888888888889,0.06974573469984668,0.0086841255596664,0.08023817504622979,0.0004980674934333
Hybrid SINDy,0.8166666666666667,3.2048022523767576,0.0037813469892484,0.23446055539498184,0.0016644472551359
Lagrange SINDy,1.0,0.005178473988036088,0.0006440049418717,0.06035618874221546,0.0363097928994149
SR,0.5077777777777778,0.4007236188889164,0.005281,0.5268361433333334,0.003581
Hybrid SR,0.49888888888888894,0.06009188888889892,0.003878,0.026190878677777776,0.0003519
