Algorithm,n,n_test_lower,pct_test_lower,mean_train,mean_test,median_train,median_test,mean_recall
Hybrid SINDy,9,8,88.88888888888889,3.2048022523767576,0.23446055539498184,0.0037813469892484,0.0016644472551359,0.8166666666666667
Hybrid SR,9,8,88.88888888888889,0.06009188888889892,0.026190878677777776,0.003878,0.0003519,0.49888888888888894
Lagrange SINDy,9,2,22.22222222222222,0.005178473988036088,0.06035618874221546,0.0006440049418717,0.0363097928994149,1.0
SINDy,9,7,77.77777777777779,0.06974573469984668,0.08023817504622979,0.0086841255596664,0.0004980674934333,0.7388888888888889
SR,9,6,66.66666666666666,0.4007236188889164,0.5268361433333334,0.005281,0.003581,0.5077777777777778
