Algorithm,Regime,mean_MSE_test,median_MSE_test,mean_log10_MSE_test,mean_R2_test,mean_ATE,mean_terms
Hybrid SINDy,Bouncing,1.457699387083309e-07,2.5333293092569948e-08,-9.666963483139837,0.9999990676654421,0.0007949094257988417,29.0
Hybrid SINDy,Flight,0.35308519350361967,0.0016494210954393,-2.281711702382245,0.8562624288616755,0.04476910451941433,4.666666666666667
Hybrid SINDy,Rolling,1.683779250480064e-09,1.1509451215584327e-09,-9.531141635872087,0.6666666499163023,0.0021344369852783584,63.333333333333336
Lagrangian SINDy,Bouncing,0.025836052515269336,0.0336428844288222,-2.0416239551929714,0.18701635359395843,0.020190241759447468,11.666666666666666
Lagrangian SINDy,Flight,0.02177272852157823,0.0222142091327972,-1.8746288469884653,0.8263027050037882,0.0428429215851229,11.0
Lagrangian SINDy,Rolling,0.006518850873438466,0.0024096219704828,-6.794621564759221,0.6540349367249153,0.0019290421968300331,12.0
SINDy,Bouncing,5.344064829792546e-05,4.722056152999167e-07,-8.707385640165477,0.6587618404103089,0.000810215087679034,20.666666666666668
SINDy,Flight,9.768840401160163e-05,9.493463951888538e-05,-4.262458254573569,0.8029219229681176,0.040476662685432534,6.666666666666667
SINDy,Rolling,3.195796626784182e-19,1.191196385722029e-19,-16.0,0.6666666666666666,0.0021344961923400636,62.0
