Algorithm,mean_MSE_test,median_MSE_test,mean_log10_MSE_test,mean_R2_test,mean_ATE,mean_terms
SINDy,5.0376350769842466e-05,4.722056152999167e-07,-9.656614631579682,0.7094501433483644,0.01447379132181721,29.77777777777778
Hybrid SINDy,0.11769511365244585,2.5333293092569948e-08,-7.1599389404647225,0.8409760488144733,0.015899483643497178,32.333333333333336
Lagrangian SINDy,0.018042543970095345,0.0171469306498326,-3.570291455646886,0.555784665107554,0.021654068513800133,11.555555555555555
