Algorithm,mean_MSE_train,median_MSE_train,mean_MSE_test,median_MSE_test
Hybrid SINDy,0.3423949620668078,1.8688321436426683e-08,0.11769511365244585,2.5333293092569948e-08
Hybrid Symbolic Regression,0.06009188888889892,0.003878,0.026190878677777776,0.0003519
Lagrangian SINDy,0.006474046331704365,0.0026268655900352,0.018042543970095345,0.0171469306498326
SINDy,0.0026677267342901964,2.386826309799843e-13,5.0376350769842466e-05,4.722056152999167e-07
Symbolic Regression,0.4007236188889164,0.005281,0.5268361433333334,0.003581
