{
  "dtime": 0.00626418390534633,
  "ntime": 1000,
  "R": 0.18,
  "m_hoop": 1.0,
  "m_imbalance": 0.5,
  "m_total": 1.5,
  "d": 0.06,
  "I": 0.043199999999999995,
  "mu_s": 10.0,
  "mu_k": 0.27,
  "eN": 0.5,
  "eF": 0.5,
  "x0_input": 0.0,
  "y0_input": 0.18,
  "theta0_input": 2.0943951023931953,
  "omega0_input": 9.0,
  "q0": [
    0.0,
    0.18,
    2.0943951023931953
  ],
  "u0": [
    0.0,
    0.0,
    9.0
  ],
  "rho_inf": 0.5,
  "alpha_m": 0.0,
  "alpha_f": 0.3333333333333333,
  "gamma": 0.8333333333333333,
  "beta": 0.4444444444444444
}